date,close,adjclose
2021-04-19,280.20001220703125,280.02001953125
2021-04-20,289.20001220703125,289.01422119140625
2021-04-21,282.3999938964844,282.21856689453125
2021-04-22,299.0,298.80792236328125
2021-04-23,302.0,301.8059997558594
2021-04-26,298.79998779296875,298.6080322265625
2021-04-27,301.3999938964844,301.20635986328125
2021-04-28,310.0,309.80084228515625
2021-04-29,319.0,318.7950744628906
2021-04-30,307.79998779296875,307.6022644042969
2021-05-03,304.6000061035156,304.4043273925781
2021-05-04,299.79998779296875,299.6073913574219
2021-05-05,291.0,290.81304931640625
2021-05-06,306.0,305.80340576171875
2021-05-07,306.6000061035156,306.4030456542969
2021-05-10,298.0,297.8085632324219
2021-05-11,287.3999938964844,287.2153625488281
2021-05-12,290.0,289.8136901855469
2021-05-13,280.79998779296875,280.6195983886719
2021-05-14,278.6000061035156,278.4210205078125
2021-05-17,290.20001220703125,290.0135803222656
2021-05-18,304.79998779296875,304.60418701171875
2021-05-20,313.79998779296875,313.598388671875
2021-05-21,318.79998779296875,318.5951843261719
2021-05-24,313.3999938964844,313.19866943359375
2021-05-25,309.0,308.8014831542969
2021-05-26,310.20001220703125,310.000732421875
2021-05-27,315.20001220703125,314.9975280761719
2021-05-28,314.20001220703125,313.9981689453125
2021-05-31,316.79998779296875,316.5964660644531
2021-06-01,322.3999938964844,322.19287109375
2021-06-02,312.0,311.799560546875
2021-06-03,309.6000061035156,309.401123046875
2021-06-04,303.6000061035156,303.40496826171875
2021-06-07,300.20001220703125,300.0071716308594
2021-06-08,292.20001220703125,292.0122985839844
2021-06-09,290.6000061035156,290.413330078125
2021-06-10,293.0,292.811767578125
2021-06-11,290.6000061035156,290.413330078125
2021-06-15,288.0,287.8149719238281
2021-06-16,289.79998779296875,289.6138000488281
2021-06-17,290.6000061035156,290.413330078125
2021-06-18,289.79998779296875,289.6138000488281
2021-06-21,285.0,284.8169250488281
2021-06-22,286.6000061035156,286.4158935546875
2021-06-23,286.6000061035156,286.4158935546875
2021-06-24,284.0,283.81756591796875
2021-06-25,288.79998779296875,288.6144714355469
2021-06-28,279.0,278.8207702636719
2021-06-29,275.20001220703125,275.0232238769531
2021-06-30,276.0,275.82269287109375
2021-07-02,278.20001220703125,278.02130126953125
2021-07-05,277.0,276.8220520019531
2021-07-06,271.20001220703125,271.0257873535156
2021-07-07,268.20001220703125,268.0277099609375
2021-07-08,255.60000610351562,255.43580627441406
2021-07-09,249.60000610351562,249.4396514892578
2021-07-12,246.60000610351562,246.44158935546875
2021-07-13,251.60000610351562,251.43836975097656
2021-07-14,251.0,250.83876037597656
2021-07-15,251.1999969482422,251.0386199951172
2021-07-16,247.8000030517578,247.64080810546875
2021-07-19,237.8000030517578,237.64723205566406
2021-07-20,225.0,224.85545349121094
2021-07-21,225.8000030517578,225.65493774414062
2021-07-22,229.0,228.85289001464844
2021-07-23,222.0,221.8573760986328
2021-07-26,207.39999389648438,207.26675415039062
2021-07-27,193.10000610351562,192.9759521484375
2021-07-28,207.0,206.8670196533203
2021-07-29,219.1999969482422,219.05917358398438
2021-07-30,215.0,214.86187744140625
2021-08-02,203.60000610351562,203.46920776367188
2021-08-03,200.1999969482422,200.07138061523438
2021-08-04,194.60000610351562,194.47499084472656
2021-08-05,185.8000030517578,185.68064880371094
2021-08-06,192.89999389648438,192.7760772705078
2021-08-09,195.5,195.37440490722656
2021-08-10,196.89999389648438,196.77349853515625
2021-08-11,195.6999969482422,195.57427978515625
2021-08-12,191.0,190.87730407714844
2021-08-13,189.3000030517578,189.1783905029297
2021-08-16,191.1999969482422,191.07716369628906
2021-08-17,192.6999969482422,192.57620239257812
2021-08-18,192.10000610351562,191.97659301757812
2021-08-19,194.0,193.8753662109375
2021-08-20,205.8000030517578,205.66778564453125
2021-08-23,207.60000610351562,207.46664428710938
2021-08-24,223.60000610351562,223.45635986328125
2021-08-25,231.0,230.8516082763672
2021-08-26,225.60000610351562,225.455078125
2021-08-27,223.60000610351562,223.45635986328125
2021-08-30,226.39999389648438,226.25454711914062
2021-08-31,226.1999969482422,226.0546875
2021-09-01,238.1999969482422,238.04696655273438
2021-09-02,246.0,245.8419647216797
2021-09-03,246.0,245.8419647216797
2021-09-06,244.8000030517578,244.6427459716797
2021-09-07,246.60000610351562,246.44158935546875
2021-09-08,255.1999969482422,255.0360565185547
2021-09-09,249.0,248.8400421142578
2021-09-10,250.60000610351562,250.4390106201172
2021-09-13,239.39999389648438,239.24620056152344
2021-09-14,224.60000610351562,224.45571899414062
2021-09-15,220.0,219.85867309570312
2021-09-16,217.60000610351562,217.46022033691406
2021-09-17,225.1999969482422,225.05532836914062
2021-09-20,219.39999389648438,219.25904846191406
2021-09-21,220.8000030517578,220.6581573486328
2021-09-23,229.0,228.85289001464844
2021-09-24,228.39999389648438,228.25326538085938
2021-09-27,226.8000030517578,226.654296875
2021-09-28,232.8000030517578,232.65045166015625
2021-09-29,233.39999389648438,233.2500457763672
2021-09-30,234.8000030517578,234.649169921875
2021-10-04,239.8000030517578,239.6459503173828
2021-10-05,239.1999969482422,239.04632568359375
2021-10-06,244.39999389648438,244.24298095703125
2021-10-07,248.0,247.84068298339844
2021-10-08,246.0,245.8419647216797
2021-10-11,247.8000030517578,247.64080810546875
2021-10-12,252.0,251.83810424804688
2021-10-15,258.0,257.8342590332031
2021-10-18,253.8000030517578,253.636962890625
2021-10-19,243.60000610351562,243.44351196289062
2021-10-20,245.1999969482422,245.04248046875
2021-10-21,241.0,240.84518432617188
2021-10-22,243.39999389648438,243.24362182617188
2021-10-25,232.60000610351562,232.45057678222656
2021-10-26,227.39999389648438,227.25390625
2021-10-27,225.1999969482422,225.05532836914062
2021-10-28,225.39999389648438,225.25518798828125
2021-10-29,225.39999389648438,225.25518798828125
2021-11-01,224.1999969482422,224.05596923828125
2021-11-02,226.60000610351562,226.45443725585938
2021-11-03,226.39999389648438,226.25454711914062
2021-11-04,226.39999389648438,226.25454711914062
2021-11-05,224.1999969482422,224.05596923828125
2021-11-08,240.1999969482422,240.04568481445312
2021-11-09,245.1999969482422,245.04248046875
2021-11-10,240.1999969482422,240.04568481445312
2021-11-11,240.1999969482422,240.04568481445312
2021-11-12,242.39999389648438,242.24427795410156
2021-11-15,243.1999969482422,243.04376220703125
2021-11-16,244.0,243.84324645996094
2021-11-17,233.1999969482422,233.05018615722656
2021-11-18,227.39999389648438,227.25390625
2021-11-19,230.1999969482422,230.05210876464844
2021-11-22,228.1999969482422,228.0533905029297
2021-11-23,228.39999389648438,228.25326538085938
2021-11-24,228.0,227.85353088378906
2021-11-25,226.0,225.8548126220703
2021-11-26,220.60000610351562,220.45828247070312
2021-11-29,213.8000030517578,213.66265869140625
2021-11-30,211.0,210.8644561767578
2021-12-01,215.1999969482422,215.06175231933594
2021-12-02,222.1999969482422,222.0572509765625
2021-12-03,223.39999389648438,223.25648498535156
2021-12-06,193.89999389648438,193.7754364013672
2021-12-07,212.39999389648438,212.2635498046875
2021-12-08,212.60000610351562,212.4634246826172
2021-12-09,212.0,211.86380004882812
2021-12-10,205.39999389648438,205.26803588867188
2021-12-13,205.1999969482422,205.06817626953125
2021-12-14,192.8000030517578,192.6761474609375
2021-12-15,190.6999969482422,190.57748413085938
2021-12-16,194.0,193.8753662109375
2021-12-17,173.60000610351562,173.4884796142578
2021-12-20,173.39999389648438,173.28860473632812
2021-12-21,175.0,174.8875732421875
2021-12-22,182.0,181.88308715820312
2021-12-23,181.5,181.38340759277344
2021-12-24,184.3000030517578,184.18161010742188
2021-12-28,184.39999389648438,184.28152465820312
2021-12-29,180.89999389648438,180.78378295898438
2021-12-30,178.39999389648438,178.28538513183594
2021-12-31,191.39999389648438,191.27703857421875
2022-01-03,190.5,190.37762451171875
2022-01-04,194.60000610351562,194.47499084472656
2022-01-05,196.5,196.37376403808594
2022-01-06,197.5,197.3731231689453
2022-01-07,200.0,199.87152099609375
2022-01-10,197.10000610351562,196.973388671875
2022-01-11,184.6999969482422,184.5813446044922
2022-01-12,194.6999969482422,194.57492065429688
2022-01-13,195.5,195.37440490722656
2022-01-14,190.10000610351562,189.97787475585938
2022-01-17,189.10000610351562,188.97853088378906
2022-01-18,186.3000030517578,186.18031311035156
2022-01-19,183.8000030517578,183.6819305419922
2022-01-20,192.0,191.87664794921875
2022-01-21,207.1999969482422,207.06689453125
2022-01-24,205.0,204.86830139160156
2022-01-25,198.89999389648438,198.772216796875
2022-01-26,199.8000030517578,199.67164611816406
2022-01-27,199.6999969482422,199.5717010498047
2022-01-28,195.8000030517578,195.67422485351562
2022-01-31,200.1999969482422,200.07138061523438
2022-02-04,208.0,207.8663787841797
2022-02-07,212.0,211.86380004882812
2022-02-08,215.0,214.86187744140625
2022-02-09,223.0,222.8567352294922
2022-02-10,233.39999389648438,233.2500457763672
2022-02-11,235.39999389648438,235.24876403808594
2022-02-14,228.60000610351562,228.45315551757812
2022-02-15,230.8000030517578,230.6517333984375
2022-02-16,237.0,236.84774780273438
2022-02-17,234.0,233.84967041015625
2022-02-18,232.8000030517578,232.65045166015625
2022-02-21,227.1999969482422,227.05404663085938
2022-02-22,220.8000030517578,220.6581573486328
2022-02-23,218.0,217.85995483398438
2022-02-24,204.8000030517578,204.66844177246094
2022-02-25,208.0,207.8663787841797
2022-02-28,209.0,208.86573791503906
2022-03-01,204.1999969482422,204.06881713867188
2022-03-02,199.6999969482422,199.5717010498047
2022-03-03,221.1999969482422,221.05789184570312
2022-03-04,207.39999389648438,207.26675415039062
2022-03-07,187.1999969482422,187.07974243164062
2022-03-08,172.6999969482422,172.58905029296875
2022-03-09,180.3000030517578,180.18417358398438
2022-03-10,189.1999969482422,189.0784454345703
2022-03-11,172.0,171.88951110839844
2022-03-14,171.39999389648438,171.28988647460938
2022-03-15,126.19999694824219,126.11892700195312
2022-03-16,171.0,170.89015197753906
2022-03-17,179.0,178.885009765625
2022-03-18,178.60000610351562,178.4852752685547
2022-03-21,172.5,172.38917541503906
2022-03-22,187.39999389648438,187.27960205078125
2022-03-23,191.10000610351562,190.97723388671875
2022-03-24,205.60000610351562,205.46792602539062
2022-03-25,186.5,186.38018798828125
2022-03-28,176.3000030517578,176.18673706054688
2022-03-29,188.8000030517578,188.6787109375
2022-03-30,191.39999389648438,191.27703857421875
2022-03-31,188.60000610351562,188.47885131835938
2022-04-01,186.6999969482422,186.58006286621094
2022-04-04,198.10000610351562,197.97274780273438
2022-04-06,187.39999389648438,187.27960205078125
2022-04-07,187.6999969482422,187.5794219970703
2022-04-08,177.39999389648438,177.28602600097656
2022-04-11,167.10000610351562,166.99266052246094
2022-04-12,175.89999389648438,175.7869873046875
2022-04-13,180.6999969482422,180.5839080810547
2022-04-14,185.5,185.38082885742188
2022-04-19,180.0,179.88436889648438
2022-04-20,177.0,176.88629150390625
2022-04-21,173.1999969482422,173.08872985839844
2022-04-22,171.6999969482422,171.58969116210938
2022-04-25,163.1999969482422,163.09515380859375
2022-04-26,164.89999389648438,164.79405212402344
2022-04-27,166.0,165.8933563232422
2022-04-28,172.1999969482422,172.08937072753906
2022-04-29,187.1999969482422,187.07974243164062
2022-05-03,189.89999389648438,189.7779998779297
2022-05-04,184.6999969482422,184.5813446044922
2022-05-05,182.10000610351562,181.98301696777344
2022-05-06,172.10000610351562,171.98944091796875
2022-05-10,162.3000030517578,162.19573974609375
2022-05-11,164.0,163.89463806152344
2022-05-12,158.5,158.39817810058594
2022-05-13,159.0,158.89785766601562
2022-05-16,165.39999389648438,165.29373168945312
2022-05-17,171.8000030517578,171.68963623046875
2022-05-18,170.5,170.39047241210938
2022-05-19,166.3000030517578,166.19317626953125
2022-05-20,170.6999969482422,170.59033203125
2022-05-23,168.0,167.89207458496094
2022-05-24,156.8000030517578,156.6992645263672
2022-05-25,154.3000030517578,154.2008819580078
2022-05-26,155.39999389648438,155.30015563964844
2022-05-27,166.39999389648438,166.2930908203125
2022-05-30,173.0,172.88885498046875
2022-05-31,176.3000030517578,176.18673706054688
2022-06-01,174.39999389648438,174.28794860839844
2022-06-02,171.3000030517578,171.18995666503906
2022-06-06,181.1999969482422,181.08358764648438
2022-06-07,178.60000610351562,178.4852752685547
2022-06-08,189.0,188.8785858154297
2022-06-09,191.0,190.87730407714844
2022-06-10,181.1999969482422,181.08358764648438
2022-06-13,172.0,171.88951110839844
2022-06-14,171.5,171.38983154296875
2022-06-15,178.89999389648438,178.78506469726562
2022-06-16,168.0,167.89207458496094
2022-06-17,170.0,169.8907928466797
2022-06-20,171.8000030517578,171.68963623046875
2022-06-21,179.6999969482422,179.5845489501953
2022-06-22,179.6999969482422,179.5845489501953
2022-06-23,181.3000030517578,181.18353271484375
2022-06-24,185.5,185.38082885742188
2022-06-27,197.6999969482422,197.572998046875
2022-06-28,230.39999389648438,230.25198364257812
2022-06-29,220.0,219.85867309570312
2022-06-30,221.60000610351562,221.4576416015625
2022-07-04,222.0,221.8573760986328
2022-07-05,219.60000610351562,219.45892333984375
2022-07-06,205.0,204.86830139160156
2022-07-07,205.60000610351562,205.46792602539062
2022-07-08,210.0,209.86509704589844
2022-07-11,196.1999969482422,196.07395935058594
2022-07-12,188.0,187.8792266845703
2022-07-13,194.5,194.3750457763672
2022-07-14,203.8000030517578,203.66908264160156
2022-07-15,195.89999389648438,195.77413940429688
2022-07-18,204.0,203.8689422607422
2022-07-19,201.60000610351562,201.47048950195312
2022-07-20,209.60000610351562,209.46536254882812
2022-07-21,208.39999389648438,208.26611328125
2022-07-22,209.1999969482422,209.0655975341797
2022-07-25,209.8000030517578,209.66522216796875
2022-07-26,213.0,212.8631591796875
2022-07-27,209.0,208.86573791503906
2022-07-28,207.8000030517578,207.66650390625
2022-07-29,198.10000610351562,197.97274780273438
2022-08-01,203.1999969482422,203.0694580078125
2022-08-02,194.39999389648438,194.2751007080078
2022-08-03,198.39999389648438,198.2725372314453
2022-08-04,209.0,208.86573791503906
2022-08-05,212.8000030517578,212.66329956054688
2022-08-08,210.1999969482422,210.06495666503906
2022-08-09,200.8000030517578,200.67100524902344
2022-08-10,195.60000610351562,195.47434997558594
2022-08-11,201.39999389648438,201.27061462402344
2022-08-12,204.60000610351562,204.46856689453125
2022-08-15,207.0,206.8670196533203
2022-08-16,206.0,205.86766052246094
2022-08-17,210.0,209.86509704589844
2022-08-18,201.39999389648438,201.27061462402344
2022-08-19,206.39999389648438,206.26739501953125
2022-08-22,205.1999969482422,205.06817626953125
2022-08-23,210.60000610351562,210.46470642089844
2022-08-24,210.60000610351562,210.46470642089844
2022-08-25,223.0,222.8567352294922
2022-08-26,223.60000610351562,223.45635986328125
2022-08-29,225.0,224.85545349121094
2022-08-30,213.0,212.8631591796875
2022-08-31,206.1999969482422,206.06753540039062
2022-09-01,198.0,197.872802734375
2022-09-02,198.3000030517578,198.172607421875
2022-09-05,195.5,195.37440490722656
2022-09-06,200.60000610351562,200.47113037109375
2022-09-07,198.0,197.872802734375
2022-09-08,194.1999969482422,194.0752410888672
2022-09-09,201.39999389648438,201.27061462402344
2022-09-13,205.60000610351562,205.46792602539062
2022-09-14,201.1999969482422,201.07073974609375
2022-09-15,205.60000610351562,205.46792602539062
2022-09-16,203.8000030517578,203.66908264160156
2022-09-19,196.60000610351562,196.4737091064453
2022-09-20,207.0,206.8670196533203
2022-09-21,206.0,205.86766052246094
2022-09-22,196.6999969482422,196.57363891601562
2022-09-23,206.8000030517578,206.66714477539062
2022-09-26,217.8000030517578,217.6600799560547
2022-09-27,224.8000030517578,224.6555938720703
2022-09-28,214.0,213.86251831054688
2022-09-29,212.39999389648438,212.2635498046875
2022-09-30,210.8000030517578,210.66458129882812
2022-10-03,217.0,216.860595703125
2022-10-05,230.39999389648438,230.25198364257812
2022-10-06,240.8000030517578,240.6453094482422
2022-10-07,229.60000610351562,229.45249938964844
2022-10-10,213.8000030517578,213.66265869140625
2022-10-11,202.0,201.87022399902344
2022-10-12,190.8000030517578,190.67742919921875
2022-10-13,187.39999389648438,187.27960205078125
2022-10-14,194.10000610351562,193.97531127929688
2022-10-17,190.3000030517578,190.17774963378906
2022-10-18,197.10000610351562,196.973388671875
2022-10-19,189.89999389648438,189.7779998779297
2022-10-20,181.89999389648438,181.78314208984375
2022-10-21,184.39999389648438,184.28152465820312
2022-10-24,168.1999969482422,168.09194946289062
2022-10-25,169.8000030517578,169.69091796875
2022-10-26,178.3000030517578,178.18545532226562
2022-10-27,186.1999969482422,186.08038330078125
2022-10-28,174.60000610351562,174.4878387451172
2022-10-31,173.1999969482422,173.08872985839844
2022-11-01,193.89999389648438,193.7754364013672
2022-11-02,207.0,206.8670196533203
2022-11-03,199.3000030517578,199.17196655273438
2022-11-04,223.1999969482422,223.05661010742188
2022-11-07,216.60000610351562,216.4608612060547
2022-11-08,212.60000610351562,212.4634246826172
2022-11-09,208.39999389648438,208.26611328125
2022-11-10,200.1999969482422,200.07138061523438
2022-11-11,234.8000030517578,234.649169921875
2022-11-14,221.0,220.8580322265625
2022-11-15,228.39999389648438,228.25326538085938
2022-11-16,230.1999969482422,230.05210876464844
2022-11-17,233.60000610351562,233.44993591308594
2022-11-18,225.8000030517578,225.65493774414062
2022-11-21,221.1999969482422,221.05789184570312
2022-11-22,213.8000030517578,213.66265869140625
2022-11-23,213.0,212.8631591796875
2022-11-24,208.39999389648438,208.26611328125
2022-11-25,205.0,204.86830139160156
2022-11-28,205.39999389648438,205.26803588867188
2022-11-29,227.8000030517578,227.65365600585938
2022-11-30,235.60000610351562,235.4486541748047
2022-12-01,246.39999389648438,246.24169921875
2022-12-02,248.60000610351562,248.4403076171875
2022-12-05,262.79998779296875,262.63116455078125
2022-12-06,261.3999938964844,261.2320556640625
2022-12-07,248.39999389648438,248.24041748046875
2022-12-08,261.6000061035156,261.43194580078125
2022-12-09,266.3999938964844,266.2288513183594
2022-12-12,259.3999938964844,259.23333740234375
2022-12-13,265.79998779296875,265.6292419433594
2022-12-14,259.20001220703125,259.03350830078125
2022-12-15,268.3999938964844,268.2275695800781
2022-12-16,279.0,278.8207702636719
2022-12-19,273.3999938964844,273.224365234375
2022-12-20,264.79998779296875,264.6298828125
2022-12-21,271.6000061035156,271.425537109375
2022-12-22,278.3999938964844,278.22113037109375
2022-12-23,277.20001220703125,277.0219421386719
2022-12-28,285.0,284.8169250488281
2022-12-29,267.6000061035156,267.4281005859375
2022-12-30,273.6000061035156,273.42425537109375
2023-01-03,271.79998779296875,271.6253662109375
2023-01-04,294.3999938964844,294.21087646484375
2023-01-05,297.20001220703125,297.00909423828125
2023-01-06,291.0,290.81304931640625
2023-01-09,304.20001220703125,304.00457763671875
2023-01-10,293.6000061035156,293.411376953125
2023-01-11,288.3999938964844,288.2147216796875
2023-01-12,285.0,284.8169250488281
2023-01-13,291.79998779296875,291.6125183105469
2023-01-16,291.79998779296875,291.6125183105469
2023-01-17,292.20001220703125,292.0122985839844
2023-01-18,283.3999938964844,283.2179260253906
2023-01-19,290.0,289.8136901855469
2023-01-20,303.6000061035156,303.40496826171875
2023-01-26,310.6000061035156,310.4004821777344
2023-01-27,314.0,313.79827880859375
2023-01-30,292.6000061035156,292.41204833984375
2023-01-31,289.20001220703125,289.01422119140625
2023-02-01,292.79998779296875,292.61187744140625
2023-02-02,290.6000061035156,290.413330078125
2023-02-03,282.79998779296875,282.6183166503906
2023-02-06,280.3999938964844,280.2198486328125
2023-02-07,289.0,288.8143310546875
2023-02-08,291.79998779296875,291.6125183105469
2023-02-09,296.0,295.8098449707031
2023-02-10,288.20001220703125,288.0148620605469
2023-02-13,291.3999938964844,291.2127990722656
2023-02-14,291.6000061035156,291.4126892089844
2023-02-15,291.3999938964844,291.2127990722656
2023-02-16,298.0,297.8085632324219
2023-02-17,290.6000061035156,290.413330078125
2023-02-20,290.0,289.8136901855469
2023-02-21,284.20001220703125,284.0174255371094
2023-02-22,282.6000061035156,282.41845703125
2023-02-23,290.6000061035156,290.413330078125
2023-02-24,278.20001220703125,278.02130126953125
2023-02-27,275.79998779296875,275.622802734375
2023-02-28,277.6000061035156,277.4216613769531
2023-03-01,291.79998779296875,291.6125183105469
2023-03-02,296.79998779296875,296.60931396484375
2023-03-03,296.3999938964844,296.2095947265625
2023-03-06,310.0,309.80084228515625
2023-03-07,314.3999938964844,314.1980285644531
2023-03-08,297.3999938964844,297.20892333984375
2023-03-09,283.3999938964844,283.2179260253906
2023-03-10,280.0,279.82012939453125
2023-03-13,294.20001220703125,294.0110168457031
2023-03-14,293.3999938964844,293.2115173339844
2023-03-15,296.6000061035156,296.4094543457031
2023-03-16,288.3999938964844,288.2147216796875
2023-03-17,299.20001220703125,299.0078125
2023-03-20,281.3999938964844,281.2192077636719
2023-03-21,291.20001220703125,291.012939453125
2023-03-22,300.0,299.8072814941406
2023-03-23,299.79998779296875,299.6073913574219
2023-03-24,294.0,293.8111267089844
2023-03-27,281.6000061035156,281.4190979003906
2023-03-28,282.3999938964844,282.21856689453125
2023-03-29,281.79998779296875,281.61895751953125
2023-03-30,284.0,283.81756591796875
2023-03-31,293.79998779296875,293.6112365722656
2023-04-03,294.6000061035156,294.4107360839844
2023-04-04,294.0,293.8111267089844
2023-04-06,293.3999938964844,293.2115173339844
2023-04-11,297.20001220703125,297.00909423828125
2023-04-12,287.20001220703125,287.0155029296875
2023-04-13,282.79998779296875,282.6183166503906
2023-04-14,281.6000061035156,281.4190979003906
2023-04-17,287.20001220703125,287.0155029296875
2023-04-18,288.3999938964844,288.2147216796875
2023-04-19,294.0,293.8111267089844
2023-04-20,291.6000061035156,291.4126892089844
2023-04-21,286.6000061035156,286.4158935546875
2023-04-24,284.3999938964844,284.21728515625
2023-04-25,274.0,273.823974609375
2023-04-26,278.79998779296875,278.6208801269531
2023-04-27,276.6000061035156,276.42230224609375
2023-04-28,274.79998779296875,274.6234436035156
2023-05-02,273.6000061035156,273.42425537109375
2023-05-03,268.6000061035156,268.4274597167969
2023-05-04,259.79998779296875,259.6330871582031
2023-05-05,260.3999938964844,260.2326965332031
2023-05-08,261.0,260.83233642578125
2023-05-09,251.1999969482422,251.0386199951172
2023-05-10,254.1999969482422,254.0366973876953
2023-05-11,254.0,253.83682250976562
2023-05-12,257.3999938964844,257.2346496582031
2023-05-15,263.3999938964844,263.23077392578125
2023-05-16,264.0,263.8304138183594
2023-05-17,259.20001220703125,259.03350830078125
2023-05-18,269.6000061035156,269.42681884765625
2023-05-19,258.79998779296875,258.63372802734375
2023-05-22,264.6000061035156,264.4300231933594
2023-05-23,261.6000061035156,261.43194580078125
2023-05-24,253.0,252.83746337890625
2023-05-25,244.0,243.84324645996094
2023-05-29,247.39999389648438,247.24105834960938
2023-05-30,246.1999969482422,246.04183959960938
2023-05-31,251.1999969482422,251.0386199951172
2023-06-01,241.60000610351562,241.44479370117188
2023-06-02,256.79998779296875,256.635009765625
2023-06-05,268.20001220703125,268.0277099609375
2023-06-06,270.0,269.8265380859375
2023-06-07,268.6000061035156,268.4274597167969
2023-06-08,282.3999938964844,282.21856689453125
2023-06-09,284.79998779296875,284.6170349121094
2023-06-12,292.20001220703125,292.0122985839844
2023-06-13,297.20001220703125,297.00909423828125
2023-06-14,281.6000061035156,281.4190979003906
2023-06-15,281.79998779296875,281.61895751953125
2023-06-16,282.20001220703125,282.0187072753906
2023-06-19,281.3999938964844,281.2192077636719
2023-06-20,278.20001220703125,278.02130126953125
2023-06-21,274.6000061035156,274.423583984375
2023-06-23,275.3999938964844,275.22308349609375
2023-06-26,267.79998779296875,267.6279602050781
2023-06-27,271.20001220703125,271.0257873535156
2023-06-28,274.3999938964844,274.2237243652344
2023-06-29,273.20001220703125,273.0245056152344
2023-06-30,272.6000061035156,272.4248962402344
2023-07-03,280.0,279.82012939453125
2023-07-04,284.0,283.81756591796875
2023-07-05,275.3999938964844,275.22308349609375
2023-07-06,269.79998779296875,269.62664794921875
2023-07-07,262.3999938964844,262.2314147949219
2023-07-10,267.6000061035156,267.4281005859375
2023-07-11,277.6000061035156,277.4216613769531
2023-07-12,285.0,284.8169250488281
2023-07-13,294.20001220703125,294.0110168457031
2023-07-14,291.79998779296875,291.6125183105469
2023-07-18,288.79998779296875,288.6144714355469
2023-07-19,286.0,285.8162536621094
2023-07-20,288.20001220703125,288.0148620605469
2023-07-21,289.3999938964844,289.2140808105469
2023-07-24,283.3999938964844,283.2179260253906
2023-07-25,296.6000061035156,296.4094543457031
2023-07-26,296.0,295.8098449707031
2023-07-27,301.20001220703125,301.00653076171875
2023-07-28,307.6000061035156,307.40240478515625
2023-07-31,311.3999938964844,311.199951171875
2023-08-01,318.0,317.79571533203125
2023-08-02,310.20001220703125,310.000732421875
2023-08-03,305.3999938964844,305.20379638671875
2023-08-04,314.3999938964844,314.1980285644531
2023-08-07,315.0,314.7976379394531
2023-08-08,314.79998779296875,314.5977478027344
2023-08-09,317.79998779296875,317.5958251953125
2023-08-10,326.3999938964844,326.1903076171875
2023-08-11,320.0,319.79443359375
2023-08-14,314.79998779296875,314.5977478027344
2023-08-15,314.0,313.79827880859375
2023-08-16,314.6000061035156,314.39788818359375
2023-08-17,311.20001220703125,311.0000915527344
2023-08-18,299.6000061035156,299.40753173828125
2023-08-21,294.20001220703125,294.0110168457031
2023-08-22,298.79998779296875,298.6080322265625
2023-08-23,304.0,303.8047180175781
2023-08-24,317.79998779296875,317.5958251953125
2023-08-25,311.6000061035156,311.39984130859375
2023-08-28,308.79998779296875,308.60162353515625
2023-08-29,310.3999938964844,310.2005920410156
2023-08-30,306.79998779296875,306.6029052734375
2023-08-31,309.3999938964844,309.20123291015625
2023-09-04,329.79998779296875,329.5881042480469
2023-09-05,304.0,303.8047180175781
2023-09-06,302.20001220703125,302.005859375
2023-09-07,290.79998779296875,290.6131591796875
2023-09-11,288.20001220703125,288.0148620605469
2023-09-12,284.0,283.81756591796875
2023-09-13,285.6000061035156,285.4165344238281
2023-09-14,281.3999938964844,281.2192077636719
2023-09-15,284.3999938964844,284.21728515625
2023-09-18,282.6000061035156,282.41845703125
2023-09-19,283.20001220703125,283.01806640625
2023-09-20,279.6000061035156,279.4203796386719
2023-09-21,280.3999938964844,280.2198486328125
2023-09-22,287.3999938964844,287.2153625488281
2023-09-25,275.20001220703125,275.0232238769531
2023-09-26,275.79998779296875,275.622802734375
2023-09-27,277.6000061035156,277.4216613769531
2023-09-28,272.20001220703125,272.025146484375
2023-09-29,279.20001220703125,279.0206604003906
2023-10-03,269.20001220703125,269.0270690917969
2023-10-04,259.0,258.8336181640625
2023-10-05,257.6000061035156,257.43450927734375
2023-10-06,260.6000061035156,260.4325866699219
2023-10-09,259.79998779296875,259.6330871582031
2023-10-10,261.79998779296875,261.6318054199219
2023-10-11,265.79998779296875,265.6292419433594
2023-10-12,271.79998779296875,271.6253662109375
2023-10-13,261.79998779296875,261.6318054199219
2023-10-16,255.60000610351562,255.43580627441406
2023-10-17,258.79998779296875,258.63372802734375
2023-10-18,258.20001220703125,258.0341491699219
2023-10-19,253.8000030517578,253.636962890625
2023-10-20,252.60000610351562,252.43772888183594
2023-10-24,258.6000061035156,258.4338684082031
2023-10-25,266.0,265.8291015625
2023-10-26,269.3999938964844,269.2269287109375
2023-10-27,277.20001220703125,277.0219421386719
2023-10-30,279.6000061035156,279.4203796386719
2023-10-31,268.79998779296875,268.6273193359375
2023-11-01,262.20001220703125,262.03155517578125
2023-11-02,260.6000061035156,260.4325866699219
2023-11-03,260.20001220703125,260.0328674316406
2023-11-06,268.79998779296875,268.6273193359375
2023-11-07,265.3999938964844,265.2294921875
2023-11-08,261.79998779296875,261.6318054199219
2023-11-09,262.3999938964844,262.2314147949219
2023-11-10,260.6000061035156,260.4325866699219
2023-11-13,269.20001220703125,269.0270690917969
2023-11-14,272.0,271.82525634765625
2023-11-15,278.20001220703125,278.02130126953125
2023-11-16,273.3999938964844,273.224365234375
2023-11-17,274.0,273.823974609375
2023-11-20,280.3999938964844,280.2198486328125
2023-11-21,275.6000061035156,275.4229431152344
2023-11-22,264.3999938964844,264.2301330566406
2023-11-23,276.79998779296875,276.6221618652344
2023-11-24,276.0,275.82269287109375
2023-11-27,279.6000061035156,279.4203796386719
2023-11-28,275.0,274.8233337402344
2023-11-29,272.79998779296875,272.6247253417969
2023-11-30,274.6000061035156,274.423583984375
2023-12-01,269.20001220703125,269.0270690917969
2023-12-04,264.0,263.8304138183594
2023-12-05,258.0,257.8342590332031
2023-12-06,257.6000061035156,257.43450927734375
2023-12-07,256.20001220703125,256.0354309082031
2023-12-08,260.79998779296875,260.6324462890625
2023-12-11,257.6000061035156,257.43450927734375
2023-12-12,265.0,264.82977294921875
2023-12-13,264.79998779296875,264.6298828125
2023-12-14,261.20001220703125,261.0322265625
2023-12-15,266.6000061035156,266.4287414550781
2023-12-18,262.79998779296875,262.63116455078125
2023-12-19,264.6000061035156,264.4300231933594
2023-12-20,265.6000061035156,265.42938232421875
2023-12-21,267.0,266.8284606933594
2023-12-22,263.6000061035156,263.4306640625
2023-12-27,265.79998779296875,265.6292419433594
2023-12-28,276.6000061035156,276.42230224609375
2023-12-29,277.6000061035156,277.4216613769531
2024-01-02,280.20001220703125,280.02001953125
2024-01-03,281.6000061035156,281.4190979003906
2024-01-04,287.0,286.81561279296875
2024-01-05,295.20001220703125,295.0103759765625
2024-01-08,289.79998779296875,289.6138000488281
2024-01-09,296.3999938964844,296.2095947265625
2024-01-10,296.79998779296875,296.60931396484375
2024-01-11,293.6000061035156,293.411376953125
2024-01-12,295.6000061035156,295.41009521484375
2024-01-15,294.79998779296875,294.610595703125
2024-01-16,290.0,289.8136901855469
2024-01-17,278.6000061035156,278.4210205078125
2024-01-18,283.20001220703125,283.01806640625
2024-01-19,278.79998779296875,278.6208801269531
2024-01-22,269.0,268.8271789550781
2024-01-23,275.3999938964844,275.22308349609375
2024-01-24,285.3999938964844,285.2166442871094
2024-01-25,290.20001220703125,290.0135803222656
2024-01-26,290.20001220703125,290.0135803222656
2024-01-29,298.6000061035156,298.4081726074219
2024-01-30,282.0,281.81884765625
2024-01-31,280.3999938964844,280.2198486328125
2024-02-01,289.20001220703125,289.01422119140625
2024-02-02,291.3999938964844,291.2127990722656
2024-02-05,290.6000061035156,290.413330078125
2024-02-06,306.3999938964844,306.2031555175781
2024-02-07,301.0,300.806640625
2024-02-08,304.20001220703125,304.00457763671875
2024-02-09,304.6000061035156,304.4043273925781
2024-02-14,317.20001220703125,316.9962463378906
2024-02-15,318.20001220703125,317.99560546875
2024-02-16,325.0,324.79119873046875
2024-02-19,327.3999938964844,327.1896667480469
2024-02-20,327.20001220703125,326.98980712890625
2024-02-21,331.3999938964844,331.1871032714844
2024-02-22,355.6000061035156,355.3715515136719
2024-02-23,366.3999938964844,366.16461181640625
2024-02-26,371.0,370.76165771484375
2024-02-27,362.0,361.7674560546875
2024-02-28,349.3999938964844,349.175537109375
2024-02-29,356.79998779296875,356.5707702636719
2024-03-01,355.20001220703125,354.9718322753906
2024-03-04,348.20001220703125,347.976318359375
2024-03-05,332.6000061035156,332.3863525390625
2024-03-06,338.20001220703125,337.9827575683594
2024-03-07,337.79998779296875,337.5829772949219
2024-03-08,342.20001220703125,341.98016357421875
2024-03-11,346.79998779296875,346.57720947265625
2024-03-12,347.0,346.7770690917969
2024-03-13,348.0,347.77642822265625
2024-03-14,348.0,347.77642822265625
2024-03-15,344.20001220703125,343.9788818359375
2024-03-18,344.20001220703125,343.9788818359375
2024-03-19,341.79998779296875,341.5804138183594
2024-03-20,345.6000061035156,345.37799072265625
2024-03-21,354.0,353.7725830078125
2024-03-22,354.79998779296875,354.5720520019531
2024-03-25,354.0,353.7725830078125
2024-03-26,354.0,353.7725830078125
2024-03-27,347.3999938964844,347.17681884765625
2024-03-28,345.20001220703125,344.9782409667969
2024-04-02,377.0,376.7578125
2024-04-03,378.3999938964844,378.1568908691406
2024-04-05,374.6000061035156,374.3593444824219
2024-04-08,375.6000061035156,375.35870361328125
2024-04-09,381.79998779296875,381.5547180175781
2024-04-10,384.3999938964844,384.1530456542969
2024-04-11,385.3999938964844,385.15240478515625
2024-04-12,389.6000061035156,389.3497314453125
2024-04-15,392.20001220703125,391.94805908203125
2024-04-16,381.3999938964844,381.15496826171875
2024-04-17,383.0,382.75396728515625
2024-04-18,384.79998779296875,384.55279541015625
2024-04-19,379.3999938964844,379.15625
2024-04-22,380.20001220703125,379.95574951171875
2024-04-23,391.6000061035156,391.34844970703125
2024-04-24,400.0,399.7430419921875
2024-04-25,394.6000061035156,394.34649658203125
2024-04-26,406.6000061035156,406.33880615234375
2024-04-29,386.3999938964844,386.1517639160156
2024-04-30,385.3999938964844,385.15240478515625
2024-05-02,389.0,388.7500915527344
2024-05-03,402.3999938964844,402.1414794921875
2024-05-06,419.20001220703125,418.93072509765625
2024-05-07,415.79998779296875,415.5328674316406
2024-05-08,412.20001220703125,411.9352111816406
2024-05-09,410.0,409.7366027832031
2024-05-10,420.79998779296875,420.5296630859375
2024-05-13,421.20001220703125,420.9294128417969
2024-05-14,422.20001220703125,421.92877197265625
2024-05-16,430.79998779296875,430.5232238769531
2024-05-17,438.3999938964844,438.11834716796875
2024-05-20,436.3999938964844,436.11962890625
2024-05-21,440.0,439.71734619140625
2024-05-22,430.79998779296875,430.5232238769531
2024-05-23,418.3999938964844,418.1311950683594
2024-05-24,406.0,405.7391662597656
2024-05-27,416.0,415.7327575683594
2024-05-28,412.6000061035156,412.3349304199219
2024-05-29,398.3999938964844,398.14404296875
2024-05-30,398.6000061035156,398.34393310546875
2024-05-31,391.6000061035156,391.34844970703125
2024-06-03,406.0,405.7391662597656
2024-06-04,408.20001220703125,407.9377746582031
2024-06-05,400.3999938964844,400.14276123046875
2024-06-06,407.3999938964844,407.1382751464844
2024-06-07,399.0,398.7436828613281
2024-06-11,403.20001220703125,402.94097900390625
2024-06-12,392.3999938964844,392.1479187011719
2024-06-13,393.3999938964844,393.14727783203125
2024-06-14,396.0,395.74560546875
2024-06-17,391.6000061035156,391.34844970703125
2024-06-18,385.79998779296875,385.5521545410156
2024-06-19,396.0,395.74560546875
2024-06-20,392.79998779296875,392.5476379394531
2024-06-21,385.20001220703125,384.9525451660156
2024-06-24,377.6000061035156,377.357421875
2024-06-25,382.20001220703125,381.9544677734375
2024-06-26,381.0,380.7552490234375
2024-06-27,373.3999938964844,373.1601257324219
2024-06-28,374.6000061035156,374.3593444824219
2024-07-02,371.3999938964844,371.1614074707031
2024-07-03,379.0,378.75653076171875
2024-07-04,395.6000061035156,395.3458557128906
2024-07-05,385.20001220703125,384.9525451660156
2024-07-08,387.20001220703125,386.9512634277344
2024-07-09,389.0,388.7500915527344
2024-07-10,391.6000061035156,391.34844970703125
2024-07-11,392.6000061035156,392.3477783203125
2024-07-12,395.6000061035156,395.3458557128906
2024-07-15,388.3999938964844,388.1504821777344
2024-07-16,373.79998779296875,373.5598449707031
2024-07-17,370.79998779296875,370.561767578125
2024-07-18,359.20001220703125,358.9692687988281
2024-07-19,344.20001220703125,343.9788818359375
2024-07-22,361.79998779296875,361.56756591796875
2024-07-23,361.0,360.7680969238281
2024-07-24,358.6000061035156,358.36962890625
2024-07-25,347.79998779296875,347.5765686035156
2024-07-26,340.0,339.7815856933594
2024-07-29,336.79998779296875,336.5836181640625
2024-07-30,331.3999938964844,331.1871032714844
2024-07-31,337.79998779296875,337.5829772949219
2024-08-01,328.0,327.7892761230469
2024-08-02,315.20001220703125,314.9975280761719
2024-08-05,310.20001220703125,310.000732421875
2024-08-06,316.0,315.7969970703125
2024-08-07,331.3999938964844,331.1871032714844
2024-08-08,319.79998779296875,319.59454345703125
2024-08-09,329.0,328.78863525390625
2024-08-12,330.79998779296875,330.58746337890625
2024-08-13,331.79998779296875,331.5868225097656
2024-08-14,325.6000061035156,325.3908386230469
2024-08-15,322.6000061035156,322.39276123046875
2024-08-16,334.20001220703125,333.9853210449219
2024-08-19,332.0,331.7867126464844
2024-08-20,330.3999938964844,330.187744140625
2024-08-21,330.79998779296875,330.58746337890625
2024-08-22,339.6000061035156,339.3818359375
2024-08-23,331.20001220703125,330.98724365234375
2024-08-26,336.0,335.7841491699219
2024-08-27,366.3999938964844,366.16461181640625
2024-08-28,364.3999938964844,364.1658935546875
2024-08-29,367.0,366.76422119140625
2024-08-30,370.20001220703125,369.9621887207031
2024-09-02,371.20001220703125,370.9615478515625
2024-09-03,369.0,368.762939453125
2024-09-04,373.6000061035156,373.3599853515625
2024-09-05,373.6000061035156,373.3599853515625
2024-09-09,368.6000061035156,368.36322021484375
2024-09-10,370.3999938964844,370.16204833984375
2024-09-11,370.3999938964844,370.16204833984375
2024-09-12,368.20001220703125,367.9634704589844
2024-09-13,369.6000061035156,369.3625793457031
2024-09-16,371.79998779296875,371.5611267089844
2024-09-17,368.0,367.7635803222656
2024-09-19,374.0,373.7597351074219
2024-09-20,381.6000061035156,381.3548583984375
2024-09-23,384.3999938964844,384.1530456542969
2024-09-24,400.20001220703125,399.9429016113281
2024-09-25,399.0,398.7436828613281
2024-09-26,421.0,420.72955322265625
2024-09-27,474.0,473.69549560546875
2024-09-30,491.0,490.6845703125
2024-10-02,514.5,514.1694946289062
2024-10-03,507.5,507.1739807128906
2024-10-04,543.0,542.6511840820312
2024-10-07,540.0,539.653076171875
2024-10-08,483.0,482.689697265625
2024-10-09,466.0,465.70062255859375
2024-10-10,505.5,505.1752624511719
2024-10-14,500.5,500.178466796875
2024-10-15,466.3999938964844,466.1003723144531
2024-10-16,457.6000061035156,457.3060302734375
2024-10-17,453.3999938964844,453.1087341308594
2024-10-18,485.20001220703125,484.8883056640625
2024-10-21,467.6000061035156,467.29962158203125
2024-10-22,469.3999938964844,469.09844970703125
2024-10-23,479.6000061035156,479.2919006347656
2024-10-24,481.0,480.6910095214844
2024-10-25,483.3999938964844,483.0894470214844
2024-10-28,488.20001220703125,487.8863830566406
2024-10-29,503.0,502.6768493652344
2024-10-30,495.20001220703125,494.88189697265625
2024-10-31,501.0,500.67816162109375
2024-11-01,497.20001220703125,496.880615234375
2024-11-04,521.0,520.665283203125
2024-11-05,536.5,536.1553344726562
2024-11-06,525.5,525.1624145507812
2024-11-07,525.0,524.6627197265625
2024-11-08,527.0,526.6614379882812
2024-11-11,518.0,517.667236328125
2024-11-12,504.0,503.67620849609375
2024-11-13,489.79998779296875,489.4853210449219
2024-11-14,476.79998779296875,476.4936828613281
2024-11-15,468.0,467.6993408203125
2024-11-18,478.20001220703125,477.892822265625
2024-11-19,506.0,505.6749267578125
2024-11-20,497.3999938964844,497.0804443359375
2024-11-21,501.5,501.1778259277344
2024-11-22,500.0,499.6788024902344
2024-11-25,501.5,501.1778259277344
2024-11-26,500.5,500.178466796875
2024-11-27,503.0,502.6768493652344
2024-11-28,501.0,500.67816162109375
2024-11-29,508.5,508.17333984375
2024-12-02,510.5,510.17205810546875
2024-12-03,516.5,516.168212890625
2024-12-04,529.5,529.1598510742188
2024-12-05,512.0,511.67108154296875
2024-12-06,542.0,541.6517944335938
2024-12-09,577.5,577.1290283203125
2024-12-10,564.5,564.1373291015625
2024-12-11,561.5,561.1392822265625
2024-12-12,586.0,585.62353515625
2024-12-13,569.0,568.6344604492188
2024-12-16,562.0,561.6389770507812
2024-12-17,561.0,560.6395874023438
2024-12-18,571.5,571.1328735351562
2024-12-19,555.5,555.1431274414062
2024-12-20,555.0,554.6434326171875
2024-12-23,560.5,560.1399536132812
2024-12-24,561.0,560.6395874023438
2024-12-27,559.0,558.640869140625
2024-12-30,535.5,535.156005859375
2024-12-31,540.0,539.653076171875
2025-01-02,520.0,519.6659545898438
2025-01-03,516.5,516.168212890625
2025-01-06,520.5,520.1656494140625
2025-01-07,507.5,507.1739807128906
2025-01-08,510.5,510.17205810546875
2025-01-09,504.5,504.1759033203125
2025-01-10,498.0,497.6800842285156
2025-01-13,496.3999938964844,496.0810852050781
2025-01-14,504.5,504.1759033203125
2025-01-15,506.0,505.6749267578125
2025-01-16,511.5,511.1714172363281
2025-01-17,513.0,512.67041015625
2025-01-20,531.0,530.6588745117188
2025-01-21,539.0,538.6537475585938
2025-01-22,523.0,522.6640014648438
2025-01-23,514.0,513.6697998046875
2025-01-24,541.0,540.6524658203125
2025-01-27,550.5,550.1463623046875
2025-01-28,549.0,548.6473388671875
2025-02-03,552.5,552.1450805664062
2025-02-04,570.5,570.1334838867188
2025-02-05,534.0,533.6569213867188
2025-02-06,542.5,542.1514892578125
2025-02-07,532.5,532.1578979492188
2025-02-10,545.0,544.64990234375
2025-02-11,518.5,518.1669311523438
2025-02-12,524.0,523.6633911132812
2025-02-13,531.0,530.6588745117188
2025-02-14,556.0,555.642822265625
2025-02-17,536.5,536.1553344726562
2025-02-18,530.5,530.1591796875
2025-02-19,528.5,528.1604614257812
2025-02-20,512.0,511.67108154296875
2025-02-21,512.5,512.1707763671875
2025-02-24,524.5,524.1630249023438
2025-02-25,462.0,461.7032165527344
2025-02-26,476.20001220703125,475.89410400390625
2025-02-27,454.0,453.7083435058594
2025-02-28,436.6000061035156,436.31951904296875
2025-03-03,450.6000061035156,450.310546875
2025-03-04,458.0,457.7057800292969
2025-03-05,474.6000061035156,474.29510498046875
2025-03-06,498.6000061035156,498.2796936035156
2025-03-07,511.5,511.1714172363281
2025-03-10,493.20001220703125,492.8831787109375
2025-03-11,491.3999938964844,491.0843200683594
2025-03-12,474.0,473.69549560546875
2025-03-13,467.0,466.6999816894531
2025-03-14,481.0,481.0
2025-03-17,492.0,492.0
2025-03-18,518.0,518.0
2025-03-19,520.0,520.0
2025-03-20,506.5,506.5
2025-03-21,498.0,498.0
2025-03-24,510.5,510.5
2025-03-25,492.3999938964844,492.3999938964844
2025-03-26,493.6000061035156,493.6000061035156
2025-03-27,500.5,500.5
2025-03-28,507.0,507.0
2025-03-31,494.20001220703125,494.20001220703125
2025-04-01,494.79998779296875,494.79998779296875
2025-04-02,495.20001220703125,495.20001220703125
2025-04-03,488.0,488.0
2025-04-07,410.0,410.0
2025-04-08,433.3999938964844,433.3999938964844
2025-04-09,433.20001220703125,433.20001220703125
2025-04-10,448.20001220703125,448.20001220703125
2025-04-11,427.6000061035156,427.6000061035156
2025-04-14,441.3999938964844,441.3999938964844
2025-04-15,444.79998779296875,444.79998779296875
2025-04-16,436.3999938964844,436.3999938964844
2025-04-17,449.79998779296875,449.79998779296875
2025-04-22,442.3999938964844,442.3999938964844
2025-04-23,455.3999938964844,455.3999938964844
2025-04-24,446.6000061035156,446.6000061035156
2025-04-25,450.3999938964844,450.3999938964844
2025-04-28,450.3999938964844,450.3999938964844
2025-04-29,463.6000061035156,463.6000061035156
2025-04-30,468.0,468.0
2025-05-02,471.0,471.0
2025-05-06,471.6000061035156,471.6000061035156
2025-05-07,482.3999938964844,482.3999938964844
2025-05-08,485.79998779296875,485.79998779296875
2025-05-09,478.6000061035156,478.6000061035156
2025-05-12,507.0,507.0
2025-05-13,506.5,506.5
2025-05-14,514.5,514.5
2025-05-15,515.5,515.5
2025-05-16,506.0,506.0
2025-05-19,517.0,517.0
2025-05-20,505.5,505.5
2025-05-21,500.0,500.0
2025-05-22,485.20001220703125,485.20001220703125
2025-05-23,487.6000061035156,487.6000061035156
2025-05-26,484.3999938964844,484.3999938964844
2025-05-27,486.0,486.0
2025-05-28,493.20001220703125,493.20001220703125
2025-05-29,510.5,510.5
2025-05-30,494.0,494.0
2025-06-02,496.3999938964844,496.3999938964844
2025-06-03,505.5,505.5
2025-06-04,485.6000061035156,485.6000061035156
2025-06-05,482.79998779296875,482.79998779296875
2025-06-06,466.79998779296875,466.79998779296875
2025-06-09,489.6000061035156,489.6000061035156
2025-06-10,488.0,488.0
2025-06-11,487.20001220703125,487.20001220703125
2025-06-12,482.0,482.0
2025-06-13,468.79998779296875,468.79998779296875
2025-06-16,473.79998779296875,473.79998779296875
2025-06-17,480.0,480.0
2025-06-18,463.20001220703125,463.20001220703125
2025-06-19,444.6000061035156,444.6000061035156
2025-06-20,446.3999938964844,446.3999938964844
2025-06-23,445.6000061035156,445.6000061035156
2025-06-24,454.0,454.0
2025-06-25,459.0,459.0
2025-06-26,464.0,464.0
2025-06-27,459.20001220703125,459.20001220703125
2025-06-30,456.0,456.0
2025-07-02,462.0,462.0
2025-07-03,458.3999938964844,458.3999938964844
2025-07-04,466.0,466.0
2025-07-07,475.20001220703125,475.20001220703125
2025-07-08,478.0,478.0
2025-07-09,478.6000061035156,478.6000061035156
2025-07-10,484.79998779296875,484.79998779296875
2025-07-11,488.20001220703125,488.20001220703125
2025-07-14,489.0,489.0
2025-07-15,490.3999938964844,490.3999938964844
2025-07-16,498.20001220703125,498.20001220703125
2025-07-17,493.79998779296875,493.79998779296875
2025-07-18,498.0,498.0
2025-07-21,497.79998779296875,497.79998779296875
2025-07-22,497.79998779296875,497.79998779296875
2025-07-23,504.0,504.0
2025-07-24,506.5,506.5
2025-07-25,503.5,503.5
2025-07-28,500.0,500.0
2025-07-29,497.6000061035156,497.6000061035156
2025-07-30,493.79998779296875,493.79998779296875
2025-07-31,492.0,492.0
2025-08-01,484.79998779296875,484.79998779296875
2025-08-04,484.6000061035156,484.6000061035156
2025-08-05,489.0,489.0
2025-08-06,483.3999938964844,483.3999938964844
2025-08-07,493.20001220703125,493.20001220703125
2025-08-08,482.0,482.0
2025-08-11,471.0,471.0
2025-08-12,472.3999938964844,472.3999938964844
2025-08-13,484.6000061035156,484.6000061035156
2025-08-14,487.20001220703125,487.20001220703125
2025-08-15,489.0,489.0
2025-08-18,497.79998779296875,497.79998779296875
2025-08-19,505.0,505.0
2025-08-20,500.5,500.5
2025-08-21,495.79998779296875,495.79998779296875
2025-08-22,505.0,505.0
2025-08-25,516.0,516.0
2025-08-26,512.5,512.5
2025-08-27,512.5,512.5
2025-08-28,552.0,552.0
2025-08-29,578.0,578.0
2025-09-01,576.0,576.0
2025-09-02,569.5,569.5
2025-09-03,558.0,558.0
2025-09-04,562.0,562.0
2025-09-05,572.0,572.0
2025-09-08,572.0,572.0
2025-09-09,560.5,560.5
2025-09-10,570.0,570.0
2025-09-11,574.0,574.0
2025-09-12,577.5,577.5
2025-09-15,574.0,574.0
2025-09-16,597.5,597.5
2025-09-17,607.0,607.0
2025-09-18,598.5,598.5
2025-09-19,606.5,606.5
2025-09-22,598.0,598.0
2025-09-23,596.0,596.0
2025-09-24,605.0,605.0
2025-09-25,598.5,598.5
2025-09-26,582.5,582.5
2025-09-29,598.0,598.0
2025-09-30,596.0,596.0
2025-10-02,585.5,585.5
2025-10-03,574.5,574.5
2025-10-06,562.0,562.0
2025-10-08,551.0,551.0
2025-10-09,561.0,561.0
2025-10-10,569.0,569.0
2025-10-13,557.5,557.5
2025-10-14,542.0,542.0
2025-10-15,546.5,546.5
2025-10-16,546.0,546.0
2025-10-17,532.0,532.0
2025-10-20,549.5,549.5
2025-10-21,555.0,555.0
2025-10-22,547.5,547.5
2025-10-23,547.0,547.0
2025-10-24,564.0,564.0
2025-10-27,567.5,567.5
2025-10-28,568.0,568.0
2025-10-30,550.0,550.0
2025-10-31,543.5,543.5
2025-11-03,553.0,553.0
2025-11-04,548.5,548.5
2025-11-05,541.0,541.0
2025-11-06,555.5,555.5
2025-11-07,546.5,546.5
2025-11-10,561.5,561.5
2025-11-11,567.5,567.5
2025-11-12,573.0,573.0
2025-11-13,579.5,579.5
2025-11-14,576.0,576.0
2025-11-17,555.5,555.5
2025-11-18,564.5,564.5
2025-11-19,574.5,574.5
2025-11-20,554.0,554.0
2025-11-21,537.5,537.5
2025-11-24,542.0,542.0
2025-11-25,546.5,546.5
2025-11-26,538.0,538.0
2025-11-27,535.5,535.5
2025-11-28,535.0,535.0
2025-12-01,544.0,544.0
2025-12-02,543.0,543.0
2025-12-03,535.0,535.0
2025-12-04,556.0,556.0
2025-12-05,554.5,554.5
2025-12-08,544.5,544.5
2025-12-09,539.5,539.5
2025-12-10,547.5,547.5
2025-12-11,541.5,541.5
2025-12-12,550.0,550.0
2025-12-15,554.0,554.0
2025-12-16,551.5,551.5
2025-12-17,563.0,563.0
2025-12-18,558.5,558.5
2025-12-19,560.0,560.0
2025-12-22,575.0,575.0
2025-12-23,568.0,568.0
2025-12-24,563.5,563.5
2025-12-29,559.5,559.5
2025-12-30,571.0,571.0
2025-12-31,554.0,554.0
2026-01-02,583.0,583.0
2026-01-05,576.5,576.5
2026-01-06,599.0,599.0
2026-01-07,600.0,600.0
2026-01-08,601.5,601.5
2026-01-09,596.5,596.5
2026-01-12,607.0,607.0
2026-01-13,609.0,609.0
2026-01-14,569.5,569.5
2026-01-15,460.0,460.0
2026-01-16,466.20001220703125,466.20001220703125
2026-01-19,470.3999938964844,470.3999938964844
2026-01-20,480.3999938964844,480.3999938964844
2026-01-21,482.6000061035156,482.6000061035156
2026-01-22,481.6000061035156,481.6000061035156
2026-01-23,485.3999938964844,485.3999938964844
2026-01-26,492.20001220703125,492.20001220703125
2026-01-27,499.3999938964844,499.3999938964844
2026-01-28,495.3999938964844,495.3999938964844
2026-01-29,482.20001220703125,482.20001220703125
2026-01-30,481.79998779296875,481.79998779296875
2026-02-02,477.6000061035156,477.6000061035156
2026-02-03,484.79998779296875,484.79998779296875
2026-02-04,455.0,455.0
2026-02-05,452.6000061035156,452.6000061035156
2026-02-06,446.0,446.0
2026-02-09,456.0,456.0
2026-02-10,448.6000061035156,448.6000061035156
2026-02-11,446.20001220703125,446.20001220703125
2026-02-12,428.79998779296875,428.79998779296875
2026-02-13,419.79998779296875,419.79998779296875
2026-02-16,419.0,419.0
2026-02-20,415.79998779296875,415.79998779296875
2026-02-23,423.0,423.0
2026-02-24,406.79998779296875,406.79998779296875
2026-02-25,413.79998779296875,413.79998779296875
2026-02-26,400.3999938964844,400.3999938964844
2026-02-27,411.3999938964844,411.3999938964844
2026-03-02,403.79998779296875,403.79998779296875
2026-03-03,391.0,391.0
2026-03-04,397.0,397.0
2026-03-05,390.0,390.0
2026-03-06,418.0,418.0
2026-03-09,414.6000061035156,414.6000061035156
2026-03-10,420.6000061035156,420.6000061035156
2026-03-11,415.79998779296875,415.79998779296875
2026-03-12,407.20001220703125,407.20001220703125
2026-03-13,401.6000061035156,401.6000061035156
2026-03-16,411.3999938964844,411.3999938964844
2026-03-17,411.20001220703125,411.20001220703125
2026-03-18,415.6000061035156,415.6000061035156
2026-03-19,403.3999938964844,403.3999938964844
2026-03-20,405.6000061035156,405.6000061035156
2026-03-23,390.3999938964844,390.3999938964844
2026-03-24,397.20001220703125,397.20001220703125
2026-03-25,400.20001220703125,400.20001220703125
2026-03-26,390.0,390.0
2026-03-27,391.0,391.0
2026-03-30,384.3999938964844,384.3999938964844
2026-03-31,380.79998779296875,380.79998779296875
2026-04-01,394.0,394.0
2026-04-02,390.6000061035156,390.6000061035156
2026-04-08,409.0,409.0
2026-04-09,401.79998779296875,401.79998779296875
2026-04-10,401.0,401.0
2026-04-13,397.20001220703125,397.20001220703125
2026-04-14,397.6000061035156,397.6000061035156
2026-04-15,410.3999938964844,410.3999938964844
2026-04-16,430.20001220703125,430.20001220703125
2026-04-17,427.6000061035156,427.6000061035156
2026-04-20,423.20001220703125,423.20001220703125
2026-04-21,427.0,427.0
2026-04-22,422.79998779296875,422.79998779296875
2026-04-23,415.79998779296875,415.79998779296875
2026-04-24,414.79998779296875,414.79998779296875
2026-04-27,409.6000061035156,409.6000061035156
2026-04-28,412.79998779296875,412.79998779296875
2026-04-29,417.20001220703125,417.20001220703125
2026-04-30,417.79998779296875,417.79998779296875
2026-05-04,417.0,417.0
2026-05-05,410.6000061035156,410.6000061035156
2026-05-06,407.79998779296875,407.79998779296875
2026-05-07,420.3999938964844,420.3999938964844
2026-05-08,417.0,417.0
2026-05-11,400.20001220703125,400.20001220703125
2026-05-12,402.3999938964844,402.3999938964844
2026-05-13,405.20001220703125,405.20001220703125
2026-05-14,397.6000061035156,397.6000061035156
2026-05-15,389.20001220703125,389.20001220703125
2026-05-18,384.20001220703125,384.20001220703125
2026-05-19,388.6000061035156,388.6000061035156
2026-05-20,380.3999938964844,380.3999938964844
2026-05-21,374.79998779296875,374.79998779296875
2026-05-22,367.3999938964844,367.3999938964844
2026-05-26,365.79998779296875,365.79998779296875
2026-05-27,369.6000061035156,369.6000061035156
2026-05-28,364.20001220703125,364.20001220703125
2026-05-29,368.79998779296875,368.79998779296875
2026-06-01,377.6000061035156,377.6000061035156
2026-06-02,389.20001220703125,389.20001220703125
2026-06-03,377.6000061035156,377.6000061035156
2026-06-04,374.6000061035156,374.6000061035156
2026-06-05,369.3999938964844,369.3999938964844
2026-06-08,372.0,372.0
2026-06-09,368.3999938964844,368.3999938964844
2026-06-10,377.3999938964844,377.3999938964844
2026-06-11,368.0,368.0
2026-06-12,371.0,371.0
2026-06-15,369.0,369.0
2026-06-16,365.3999938964844,365.3999938964844
2026-06-17,367.3999938964844,367.3999938964844
2026-06-18,359.0,359.0
2026-06-22,353.0,353.0
2026-06-23,348.0,348.0
2026-06-24,353.6000061035156,353.6000061035156
2026-06-25,315.0,315.0
2026-06-26,305.20001220703125,305.20001220703125
2026-06-29,323.20001220703125,323.20001220703125
2026-06-30,311.6000061035156,311.6000061035156
2026-07-02,317.3999938964844,317.3999938964844
2026-07-03,324.20001220703125,324.20001220703125
2026-07-06,325.3999938964844,325.3999938964844
2026-07-07,319.3999938964844,319.3999938964844
2026-07-08,328.79998779296875,328.79998779296875
2026-07-09,322.79998779296875,322.79998779296875
2026-07-10,329.3999938964844,329.3999938964844
2026-07-13,334.3999938964844,334.3999938964844
2026-07-14,335.6000061035156,335.6000061035156
2026-07-15,335.6000061035156,335.6000061035156
2026-07-16,342.20001220703125,342.20001220703125
2026-07-17,338.3999938964844,338.3999938964844
2026-07-20,350.20001220703125,350.20001220703125
2026-07-21,347.79998779296875,347.79998779296875
2026-07-22,340.20001220703125,340.20001220703125
2026-07-23,345.3999938964844,345.3999938964844
2026-07-24,342.6000061035156,342.6000061035156
2026-07-27,355.6000061035156,355.6000061035156
2026-07-28,349.20001220703125,349.20001220703125
2026-07-29,367.0,367.0
2026-07-30,367.0,367.0
2026-07-31,366.3999938964844,366.3999938964844
2026-08-03,363.6000061035156,363.6000061035156
2026-08-04,364.79998779296875,364.79998779296875
2026-08-05,366.6000061035156,366.6000061035156
2026-08-06,360.20001220703125,360.20001220703125
2026-08-07,357.20001220703125,357.20001220703125
2026-08-10,364.6000061035156,364.6000061035156
2026-08-11,362.6000061035156,362.6000061035156
2026-08-12,360.3999938964844,360.3999938964844
2026-08-13,354.20001220703125,354.20001220703125
2026-08-14,349.20001220703125,349.20001220703125
2026-08-17,355.20001220703125,355.20001220703125
2026-08-18,350.20001220703125,350.20001220703125
2026-08-19,352.3999938964844,352.3999938964844
2026-08-20,361.6000061035156,361.6000061035156
2026-08-21,363.0,363.0
2026-08-24,359.79998779296875,359.79998779296875
2026-08-25,355.79998779296875,355.79998779296875
2026-08-26,358.0,358.0
2026-08-27,355.0,355.0
2026-08-28,348.79998779296875,348.79998779296875
2026-08-31,359.20001220703125,359.20001220703125
2026-09-01,349.0,349.0
2026-09-02,343.79998779296875,343.79998779296875
2026-09-03,325.20001220703125,325.20001220703125
2026-09-04,325.6000061035156,325.6000061035156
2026-09-07,326.6000061035156,326.6000061035156
2026-09-08,324.20001220703125,324.20001220703125
2026-09-09,316.6000061035156,316.6000061035156
2026-09-10,308.79998779296875,308.79998779296875
2026-09-11,305.79998779296875,305.79998779296875
2026-09-14,310.6000061035156,310.6000061035156
2026-09-15,311.20001220703125,311.20001220703125
2026-09-16,323.20001220703125,323.20001220703125
2026-09-17,316.79998779296875,316.79998779296875
2026-09-18,319.3999938964844,319.3999938964844
2026-09-21,323.0,323.0
2026-09-22,323.0,323.0
2026-09-23,323.3999938964844,323.3999938964844
2026-09-24,313.3999938964844,313.3999938964844
2026-09-25,309.20001220703125,309.20001220703125
2026-09-28,314.0,314.0
2026-09-29,307.0,307.0
2026-09-30,308.20001220703125,308.20001220703125
2026-10-02,302.3999938964844,302.3999938964844
2026-10-05,301.6000061035156,301.6000061035156
